{
    "ARIMA(5,1,5)": {
        "RMSE": 1.6619008201665522,
        "MAE": 1.2477157691402423,
        "R2": 0.43972408741932023
    },
    "SARIMA_Best": {
        "RMSE": 1.7547396515023013,
        "MAE": 1.0922079822928918,
        "R2": 0.4365594065131967
    }
}